{"cameraMode":{"drawMode":0,"name":"Shaded","section":"Shading Mode"},"sceneLighting":true,"audioPlay":false,"sceneViewState":{"m_AlwaysRefresh":false,"showFog":true,"showSkybox":true,"showFlares":true,"showImageEffects":true,"showParticleSystems":true,"showVisualEffectGraphs":true,"m_FxEnabled":true},"in2DMode":false,"pivot":{"x":-22.874460220336915,"y":-3.3162269592285158,"z":3.7452754974365236},"rotation":{"x":0.06575801968574524,"y":-0.6733699440956116,"z":0.059549834579229358,"w":0.7342100739479065},"size":14.254810333251954,"orthographic":false}