{"cameraMode":{"drawMode":0,"name":"Shaded","section":"Shading Mode"},"sceneLighting":true,"audioPlay":false,"sceneViewState":{"m_AlwaysRefresh":false,"showFog":true,"showSkybox":true,"showFlares":true,"showImageEffects":true,"showParticleSystems":true,"showVisualEffectGraphs":true,"m_FxEnabled":true},"in2DMode":false,"pivot":{"x":0.14782686531543733,"y":1.4770681858062745,"z":1.3261117935180665},"rotation":{"x":0.009346784092485905,"y":0.7151256203651428,"z":-0.010181695222854615,"w":0.699067234992981},"size":0.010225393809378147,"orthographic":false}