{"cameraMode":{"drawMode":0,"name":"Shaded","section":"Shading Mode"},"sceneLighting":true,"audioPlay":false,"sceneViewState":{"m_AlwaysRefresh":false,"showFog":true,"showSkybox":true,"showFlares":true,"showImageEffects":true,"showParticleSystems":true,"showVisualEffectGraphs":true,"m_FxEnabled":true},"in2DMode":false,"pivot":{"x":42.70515060424805,"y":2.1451032161712648,"z":37.16847610473633},"rotation":{"x":0.0029996479861438276,"y":-0.9445276856422424,"z":-0.004972810856997967,"w":-0.3293797969818115},"size":11.27739429473877,"orthographic":false}